username,feedback
user_1,The pasta was delicious and well seasoned.
user_2,I found the dessert too sweet for my taste.
user_3,Loved the cozy ambiance and the service.
user_4,The food was okay but took too long to arrive.
user_5,Amazing flavors! Will definitely come back.
user_6,Disappointed with the portion size.
user_7,The burger was juicy and flavorful.
user_8,Service was slow and not very friendly.
user_9,My salad was fresh and crunchy.
user_10,I didnâ€™t enjoy the soup; it was too salty.
user_11,Best meal I've had in a while!
user_12,Not worth the hype.
user_13,Incredible service and tasty food.
user_14,Mediocre food but great location.
user_15,The pizza crust was burnt.
user_16,Fantastic presentation and taste!
user_17,Very average experience overall.
user_18,Enjoyed every bite of the risotto.
user_19,The tacos lacked flavor.
user_20,"Wonderful atmosphere, decent food."
user_21,My coffee was cold and bitter.
user_22,Loved the vegan options!
user_23,Staff were inattentive and rude.
user_24,Absolutely divine chocolate cake.
user_25,Too expensive for the quality.
user_26,Fresh ingredients and quick service.
user_27,I wouldn't recommend the sushi.
user_28,Charming decor and delicious food.
user_29,The chicken was dry and bland.
user_30,Perfectly cooked steak!
user_31,Unpleasant smell near our table.
user_32,The breakfast platter was amazing.
user_33,Rushed and impersonal service.
user_34,Loved the live music with dinner.
user_35,Very greasy and unhealthy options.
user_36,The smoothie bowl was refreshing.
user_37,Did not meet my expectations.
user_38,Great place for a family dinner.
user_39,Poor hygiene at the counter.
user_40,Generous portions and good prices.
user_41,Burnt toast and undercooked eggs.
user_42,Everything tasted homemade.
user_43,Will be coming back for sure.
user_44,"It was just okay, nothing special."
user_45,Dessert was the highlight!
user_46,Unorganized and noisy environment.
user_47,Friendly staff and clean place.
user_48,Didn't like the seasoning used.
user_49,Food was excellent but overpriced.
user_50,Truly enjoyed the evening!
